{
    "active": true,
    "name": "Migrations",
    "slug": "migrations",
    "docsSlug": "doctrine-migrations",
    "versions": [
        {
            "name": "3.4",
            "branchName": "3.4.x",
            "slug": "3.4",
            "upcoming": true
        },
        {
            "name": "3.3",
            "branchName": "3.3.x",
            "slug": "3.3",
            "aliases": ["stable"],
            "current": true
        },
        {
            "name": "3.2",
            "branchName": "3.2.x",
            "slug": "3.2",
            "maintained": false
        },
        {
            "name": "3.1",
            "branchName": "3.1.x",
            "slug": "3.1",
            "maintained": false
        },
        {
            "name": "3.0",
            "branchName": "3.0.x",
            "slug": "3.0",
            "maintained": false
        },
        {
            "name": "2.3",
            "branchName": "2.3.x",
            "slug": "2.3",
            "maintained": false
        },
        {
            "name": "2.2",
            "branchName": "2.2.x",
            "slug": "2.2",
            "maintained": false
        },
        {
            "name": "2.1",
            "branchName": "2.1.x",
            "slug": "2.1",
            "maintained": false
        },
        {
            "name": "2.0",
            "branchName": "2.0",
            "slug": "2.0",
            "maintained": false
        }
    ]
}
